<div xmlns:whc="http://www.oxygenxml.com/webhelp/components">
    <span>
       北京镭内容技术<a class="oxyFooter" href="https://raycontentech.com/#/home" target="_blank">
            &lt;RAYTECH/&gt; X呈现
        </a> 
    </span>
    
    <div class="copyright_info">
        <span class="copyright_years">
            &#xa9;<whc:macro value="${map-xpath(/map/topicmeta/copyright/copyryear/@year)}"/>-
        </span>
        <span class="organization">
            <whc:macro value="${map-xpath(/map/topicmeta/copyright/copyrholder)}"/>.
        </span>
        <span>保留所有权利。</span>
    </div>
</div>