<div xmlns:whc="http://www.oxygenxml.com/webhelp/components">
    
    <div id="ug-video">
        <div id="video-elements" class="container">
            <h1 class="container_title">
                Videos
            </h1>
            
            <div class="video_element vd_col col-xs-12 col-sm-4">
                <a href="http://1253467224.vod2.myqcloud.com/2e2c2483vodgzp1253467224/4224a0967447398156826229743/CxBkt03ko7oA.mp4" class="vcontent" id="video1" target="_blank">
                    <div class="square">
                        <div class="vd_decoration" style="opacity: 1;"></div>
                        <img src="oxygen-webhelp/template/img/video1.png" alt="Video"/>
                    </div>
                    <div class="vd_title">
                       业绩目标查看
                    </div>
                </a>
            </div>
            
            <div class="video_element vd_col col-xs-12 col-sm-4">
                <a href="https://youtu.be/x8r-Pm1-dVc" class="vcontent" id="video2" target="_blank">
                    <div class="square">
                        <div class="vd_decoration" style="opacity: 1;"></div>
                        <img src="oxygen-webhelp/template/img/video2.png" alt="Video"/>
                    </div>
                    <div class="vd_title">
                        业绩目标查看
                    </div>
                </a>
            </div>
            
            <div class="video_element vd_col col-xs-12 col-sm-4">
                <a href="https://youtu.be/ydU-YrG_INk" class="vcontent" id="video3" target="_blank">
                    <div class="square">
                        <div class="vd_decoration" style="opacity: 1;"></div>
                        <img src="oxygen-webhelp/template/img/video3.png" alt="Video"/>
                    </div>
                    <div class="vd_title">
                      如何设置OA审批流程

                    </div>
                </a>
            </div>
        </div>
    </div>
</div>